<?xml version="1.0" encoding="UTF-8"?>
<beans xmlns="http://www.springframework.org/schema/beans"
	xmlns:xsi="http://www.w3.org/2001/XMLSchema-instance"
	xmlns:context="http://www.springframework.org/schema/context"
	xmlns:mvc="http://www.springframework.org/schema/mvc"
	xmlns:dwr="http://www.directwebremoting.org/schema/spring-dwr"
	xsi:schemaLocation="http://www.springframework.org/schema/beans http://www.springframework.org/schema/beans/spring-beans.xsd
		http://www.springframework.org/schema/context http://www.springframework.org/schema/context/spring-context-3.1.xsd
		http://www.springframework.org/schema/mvc http://www.springframework.org/schema/mvc/spring-mvc-3.1.xsd
		http://www.directwebremoting.org/schema/spring-dwr
    http://www.directwebremoting.org/schema/spring-dwr-3.0.xsd">
	
	<mvc:annotation-driven/>
	<mvc:resources location="/resources/" mapping="/resources/**"/>
	<context:component-scan base-package="org.konghao.cms.controller"/>
	<bean class="org.springframework.web.servlet.handler.SimpleUrlHandlerMapping">
	  <property value="true" name="alwaysUseFullPath"></property> 
	  <property name="mappings">
	    <props> 
	      <prop key="/dwr/**/*">dwrController</prop>
	    </props>
	 </property> 
	</bean>
	
	<dwr:controller id="dwrController" debug="true"/>
	<dwr:configuration>
		<dwr:convert type="bean" class="org.konghao.service.User"/>
	</dwr:configuration>
	
	<bean id="helloService" class="org.konghao.service.HelloService">
		<dwr:remote javascript="hello">
		    <dwr:include method="load" />
		</dwr:remote>
	</bean>
	
	<bean class="org.springframework.web.servlet.view.InternalResourceViewResolver">
		<property name="prefix" value="/WEB-INF/jsp/"/>
		<property name="suffix" value=".jsp"/>
	</bean>
	
	<bean id="exceptionResolver" class="org.springframework.web.servlet.handler.SimpleMappingExceptionResolver">
		<property name="exceptionMappings">
			<props>
				<prop key="org.konghao.cms.model.CmsException">error</prop>
			</props>
		</property>
	</bean>
	
</beans>
